{"cameraMode":{"drawMode":0,"name":"Shaded","section":"Shading Mode"},"sceneLighting":true,"audioPlay":false,"sceneViewState":{"showFog":true,"showMaterialUpdate":true,"showSkybox":false,"showFlares":true,"showImageEffects":true,"showParticleSystems":true},"in2DMode":false,"pivot":{"x":-1.1920928955078126e-7,"y":1.216094732284546,"z":20.244693756103517},"rotation":{"x":-0.20334860682487489,"y":-0.3770606219768524,"z":0.08522800356149674,"w":-0.8995853662490845},"size":16.278186798095704,"orthographic":true}