{"cameraMode":{"drawMode":0,"name":"Shaded","section":"Shading Mode"},"sceneLighting":true,"audioPlay":false,"sceneViewState":{"showFog":true,"showMaterialUpdate":true,"showSkybox":false,"showFlares":true,"showImageEffects":true,"showParticleSystems":true},"in2DMode":false,"pivot":{"x":23.106769561767579,"y":-31.26944923400879,"z":23.152313232421876},"rotation":{"x":-0.35212060809135439,"y":-0.6034969091415405,"z":0.33663496375083926,"w":-0.6312835216522217},"size":32.58359909057617,"orthographic":false}